"alias_entity_id","alias_entity_name_as_stored","alias_occ","alias_study_refs","disposition","canonical_entity_id","confidence","source_rule","review_notes"
"sap-ag","SAP AG (later SAP SE)","27","27","CANONICAL_SURVIVOR","sap-ag","high","canonical_ids_md_authority","This is the survivor. Post-merge metadata: entity_name='SAP AG', entity_type='corporation', sector='enterprise-resource-planning', status='active (renamed SAP SE)', successor='SAP SE (2014 rebranding)', years_active='1972-present'. notes preserved verbatim from this row and concat-merged with all alias notes via \n---\n delimiter."
"sap","SAP America Inc.","17","17","MERGE_INTO","sap-ag","high","canonical_ids_md_authority_short_slug_deprecated","The `sap` row's entity_name says 'SAP America Inc.' but its 17 studies actually reference the parent SAP AG (per notes: 'SAP, Oracle, Infor, and Lawson'; 'Taming SAP R/3'; 'SAP-Sybase Face-Off'). The slug 'sap' is deprecated per CANONICAL_IDS.md (canonical is 'sap-ag'). All 17 study_ids re-point to sap-ag. The (misleading) SAP America notes get concat-merged into sap-ag's notes for audit trail; sap-america canonical row remains separate and holds true subsidiary metadata."
"ENT-SAP","SAP AG","1","1","MERGE_INTO","sap-ag","high","pass_b_placeholder_id","Pass-B placeholder. entity_name already 'SAP AG'. Single study ref (aberdeen-1995-sun-microsystems-computer-company) re-points to sap-ag."
"ENT-SAP-001","SAP SE","0","0","MERGE_INTO","sap-ag","high","pass_b_placeholder_id","Pass-B placeholder. entity_name says 'SAP SE' - per Pete's Q2, SAP SE goes in the successor field, not as canonical. Zero join-table refs so this is a pure master-row delete."
"ENT-BO-002","SAP SE","1","1","MERGE_INTO","sap-ag","high","pass_b_placeholder_id","Pass-B BusinessObjects-context placeholder for SAP SE. entity_name 'SAP SE' - same as ENT-SAP-001, merge into sap-ag survivor. Single study ref (1997-dev-expanding-universes-for-busines-c42c71) re-points."
"ENT-IRP-003","SAP AG","0","0","MERGE_INTO","sap-ag","high","pass_b_placeholder_id","Pass-B IRP-context placeholder. entity_name 'SAP AG' - direct merge. Zero join refs so pure delete."
"sap-america","SAP America Inc.","3","3","KEEP_SEPARATE","sap-america","high","subsidiary_distinct_identity","US subsidiary of SAP AG - a legally and operationally distinct entity. 3 studies reference the US subsidiary specifically (AS/400 + AcceleratedSAP + utilities). NOT merged - stays as its own canonical row with entity_type='subsidiary', successor='part of SAP SE'."
"sap-america-utilities","SAP America Inc.","0","0","KEEP_SEPARATE","sap-america-utilities","medium","subsidiary_vertical_distinct_identity","Utilities-vertical SAP America subsidiary. Zero occurrence_count but exists as a distinct row for a utilities-specific IS-U module reference. Kept per Pete's Q9 answer. If Pete decides in a future session that utilities-vertical doesn't warrant a separate row, this collapses into sap-america."
"paul-wahl-sap","Paul Wahl","0","0","KEEP_SEPARATE","paul-wahl-sap","high","person_not_company","Paul Wahl is a person (SAP executive VP), not the company SAP. entity_type='person'. Untouched by this merge."
