obs_id,study_id,entity_id,tech_id,observation_type,year_observed,metric_name,metric_value,confidence,verification_method,methodology_code,source_page,notes,collection,thread_tag,section,legacy_obs_id,_study_type,_study_prescience,_bucket
vitria-testimonials-kastner-bpa-soa-rese-93ccae-OBS-004,vitria-testimonials-kastner-bpa-soa-rese-93ccae,vitria-technology,vitria-bpa,market-trend,2007,Vitria customer base breadth,"Goodyear, BP, ALLTEL, KPMG/BearingPoint, MasterBrand, SureWest cited as customers/partners",high,ingest-extraction,vendor-disclosure,online,Curated testimonial roster,,,,,vendor-marketing-page,medium,market-research
ca-jasmine-ii-brochure-kastner-endorseme-6588be-OBS-004,ca-jasmine-ii-brochure-kastner-endorseme-6588be,miami-dade-county,,miami_dade_use_case,1999,use_case,contract-monitoring-system-using-Neugents,medium,ingest-extraction,brochure-quote,front-pages,Miami-Dade County: Jasmine TND for contract-monitoring with Neugents learning,,,,,vendor-marketing-brochure,high,market-research
perspecta-inc-september-1997-b8e81d-OBS-003,perspecta-inc-september-1997-b8e81d,perspecta-inc,,strategy-classification,1997,Market strategy,Pursuing Java and Internet/intranet/extranet-enabled markets needing more effective access formats,medium,ingest-extraction,industry-analysis,Abstract,Strategy targeting emerging web-enabled enterprise market,,,,,market-study,,market-research
hptpc92-2fd423-obs-007,hptpc92-2fd423,hewlett-packard,hp-mpe-ix,competitive-position,,,,high,ingest-extraction,,,,,,,,market-study,medium,market-research
1997-peoplesoft-works-the-internet-452445-OBS-005,1997-peoplesoft-works-the-internet-452445,peoplesoft-incorporated,,framework-factor,1997,interprise-layer-1-people,People layer — honing in on how people use Internet and Web technologies to access information more effectively,high,ingest-extraction,expert-opinion,Interprise,Layer 1 of 5-layer Interprise architecture,,,,,market-study,high,market-research
maxtor-ramp-interview-guide-first-draft-c68ebd-OBS-029,maxtor-ramp-interview-guide-first-draft-c68ebd,,,market-assumption,2003,Maximum disk utilization target probed,Maximum acceptable % full for disk storage — probed as management policy,medium,ingest-extraction,interview-design,Line 25,"Probing maximum utilization threshold (typically 70-80% in practice) quantifies the ""dark storage"" or over-provisioning that was endemic in 2003. This over-provisioning was a key economic argument for midline storage: if you could fill a midline disk to 90% rather than leaving 30% headroom on expensive FC arrays, the savings multiplied.",,,,,market-study,high,market-research
1998-microsoft-nt-windows-2000-multi-user-computing-5f91e4-OBS-002,1998-microsoft-nt-windows-2000-multi-user-computing-5f91e4,microsoft,windows-nt-4,technology-assessment,1998,Central management capability,Multi-user architectures enable managing entire enterprise from a central server,high,ingest-extraction,industry-analysis,Executive Summary,Key management benefit cited,,,,5f91e4-OBS-002,market-study,high,market-research
casale-evp-4-9bd4e6-OBS-004,casale-evp-4-9bd4e6,fti-fast-track-incorporated,,benchmark-result,1982,FTI FY82 Plan — RD&E as % of revenue,10.0%,high,ingest-extraction,quantitative-analysis,p.2 Table 1,R&D and Engineering planned flat at 10% all four quarters.,,,,,market-study,high,market-research
inovant-ramp-interview-for-maxtor-projec-e7f75d-OBS-019,inovant-ramp-interview-for-maxtor-projec-e7f75d,inovant,,operational-metric,2003,backup-window-status,no problem with window but jobs fail at unacceptable rate,high,ingest-extraction,ramp-interview,p2,No backup window problem but job failure rate unacceptable; restore time too long; ops management burdensome,,,,,market-study,high,market-research
aberdeen-1995-limd-technology-OBS-045,aberdeen-1995-limd-technology,digital-equipment-corporation,alpha-chip-dec-alpha,technology-assessment,1995,alpha-limd-availability-date,1995-04-11 date,high,ingest-extraction,document-review,5,"Section: hardware-state-of-art; Qualifier: date from which Digital Alpha/RDBMS solutions have built-in LIMD; Digital Alpha/RDBMS customers with products delivered after April 11, 1995 have LIMD built into their systems",,,,,market-study,high,market-research
outsourcing-application-development-and--59d651-OBS-016,outsourcing-application-development-and--59d651,,,market-sizing,2006,outsource-driver-quicker-turnaround,37% cite need for quicker turnaround,high,ingest-extraction,survey,,37% cite need for quicker turnaround in application development projects as a key outsourcing driver.,,,,,benchmark,high,market-research
stratus-internal-benchmark-tuning-guide--c53e3f-OBS-002,stratus-internal-benchmark-tuning-guide--c53e3f,stratus-computer,stratus-xa400,benchmark-result,1985,TP1 throughput,3.4 tps; 1.8 sec avg / 2.7 sec 90th-percentile; 80% CPU / 25% disk,high,ingest-extraction,internal-engineering,4-1,8 MB + 3 Fuji disks + 4 servers + 2 requesters x 55 tasks,,,,,internal-engineering-document,medium,employer-internal
aberdeen-group-intro-slides-7673aa-OBS-007,aberdeen-group-intro-slides-7673aa,aberdeen-group,,client-types,2000,primary_clients,Business technology suppliers seeking leadership in emerging markets,high,ingest-extraction,primary-doc,1,Aberdeen primary target clients from intro slides,,,,aberdeen-group-intro-slides-7673aa-007,employer-record,low,employer-internal
stratus-et1-functional-spec-and-benchmar-0c3172-OBS-006,stratus-et1-functional-spec-and-benchmar-0c3172,stratus-computer,stratus-tp1-benchmark,methodology,1986,TP1 profile,"150ms CPU loop + 5 indexed reads + 2 rewrites + 1 sequential log write; PL1 requester, COBOL server; Stratus TPF",high,ingest-extraction,primary-source-benchmark,2,TP1 design summary,,,,,internal-engineering-corpus,medium,employer-internal
2001-kickoff-content-1db48b-OBS-002,2001-kickoff-content-1db48b,aberdeen-group,,practice-framework,2001,base_practice_level_1,"Level 1 (X): Practice Definition — bio, practice summary/white paper, core services (RAMPs, collateral development, customer education, MarCom support)",high,ingest-extraction,primary-doc,1,Level X of analyst practice contribution framework,,,,2001-kickoff-content-1db48b-002,employer-record,low,employer-internal
aas-operational-playbooks-aug-2001-b5a001-OBS-025,aas-operational-playbooks-aug-2001-b5a001,aberdeen-group,aberdeen-swot-analysis-template,expert-opinion,2001,Analyst skill-set requirement for competitive analysis,Ability to conduct SWOT analysis on competitors; ability to capture data relating to the client's competition,high,ingest-extraction,primary-doc,Go-to-Market-Actitivy-Methodology-8 Step 1B / Market-Knowledge-Actitivy-Methodology-9 Step 1B,Explicit skill-set requirement listed in both activity methodology spreadsheets,,,,aas-operational-playbooks-aug-2001-b5a001-025,employer-record,medium,employer-internal
soa-web-services-2007-c3297b-obs-002,soa-web-services-2007-c3297b,aberdeen-group,soa-testing,survey-finding,2007,bic_quality_increase,94% of Best-in-Class reported increase in software quality,high,ingest-extraction,survey,6,Key KPI for Best-in-Class classification,,,,,employer-record,high,employer-internal
dec-debit-credit-guidelines-kohler-hsu-1-e228b4-OBS-003,dec-debit-credit-guidelines-kohler-hsu-1-e228b4,peter-s-kastner,,distribution_list,1987,memo_recipient_node,HPS::KASTNER,high,ingest-extraction,distribution-list,p.0-cover,Kastner appears on distribution list as HPS::KASTNER alongside 10 other DEC engineers,,,,,internal-engineering-memo,high,employer-internal
09-maxtor-workshop-prep-guide-a218dc-OBS-001,09-maxtor-workshop-prep-guide-a218dc,maxtor,,strategic-objective,2004,Workshop goal,Create corporate agreement about midline category value and messaging to support Maxtor's aggressive foundation of the category to ensure continued profitability,high,ingest-extraction,document-review,Workshop Goal section,Primary stated purpose of the workshop,,,,,employer-record,medium,employer-internal
ra-soa-2007-97c147-obs-005,ra-soa-2007-97c147,,,kpi,2007,Industry Average - reduction in defects discovered in production,46%,high,ingest-extraction,survey,7,Table 1,,,,,employer-record,medium,employer-internal
soa-in-it-e5b373-obs-019,soa-in-it-e5b373,aberdeen-group,,survey-finding,2005,Large companies with less than 12 months of SOA experience,29%,high,ingest-extraction,survey,2,Large companies,,,,,employer-record,medium,employer-internal
outsourcing-adm-864c88-obs-050,outsourcing-adm-864c88,,,market-data,2006,Share of application maintenance outsourced to US,27%,high,ingest-extraction,survey,9,Figure 6 text: US captures less than half of India's maintenance share,,,,,employer-record,medium,employer-internal
aberdeen-productization-pricing-and-survey-research-program-2000-b7b001-OBS-014,aberdeen-productization-pricing-and-survey-research-program-2000-b7b001,eti-content,aberdeen-mas,relationship,2001,ETI/David Wright partnership scope,Methodology + Quantitative Model + Macroeconomic Data + Qualitative Data Model + Structured Interview development + Outbound Marketing + Telesales team + Field sales training + On-site sales calls,high,ingest-extraction,primary-doc,Market-Analysis-Service-Internal-7 slides 19-22,Comprehensive ETI contribution covering Product Development Project Execution Sales/Marketing and Contract Fulfillment,,,,aberdeen-productization-pricing-and-survey-research-program-2000-b7b001-014,employer-record,high,employer-internal
teamquest-8-ec015b-OBS-003,teamquest-8-ec015b,,server-consolidation,actual-outcome,2012,VMware-era consolidation realized,"VMware ESX/vSphere drove 5-10x physical-server consolidation in typical enterprise data centers by 2012 — directly validating Kastner's 2004 'millions of dollars in savings' framing, though the mechanism (virtualization) shifted from simple physical recentralization to virtualization-based consolidation.",verified,web-source,industry-consensus,backfill,Backfill — consolidation lifecycle,,,,,vendor-whitepaper,medium,white-paper
real-time-billing-for-internet-protocol--5ef746-OBS-007,real-time-billing-for-internet-protocol--5ef746,,cmb-system,actual-outcome,2020,Convergent charging ubiquitous,"By 2020, real-time convergent charging is standard in telco (Ericsson CC, Amdocs), SaaS (Stripe, Recurly), and cloud pay-as-you-go across all major hyperscalers — validating Kastner prediction.",verified,web-source,industry-consensus,backfill,Backfill,,,,,white-paper,high,white-paper
teamquest-8-ec015b-OBS-002,teamquest-8-ec015b,,it-capacity-planning,market-data,2004,Three planning approaches,"TeamQuest whitepaper distinguishes three capacity-planning approaches: capacity benchmarking (expensive load testing), capacity trending (quick linear/statistical), and capacity modeling (both simulation and analytic queueing). Modeling is positioned as the only approach permitting evaluation of alternative solutions before implementation.",high,ingest-extraction,vendor-whitepaper,p5,TeamQuest taxonomy,,,,,vendor-whitepaper,medium,white-paper
real-time-billing-for-internet-protocol--5ef746-OBS-002,real-time-billing-for-internet-protocol--5ef746,peter-s-kastner,ip-real-time-billing,viability-prediction,1998,Customer agility thesis,"We need to allow customers to turn on a dime, try new services right away.",verified,outcome-linkage,expert-opinion,p1,Kastner core thesis; prescient re: SaaS and cloud,,,,,white-paper,high,white-paper
2000-kpmg-creating-a-successful-dot-com-the-devil-is-in-9dea24-OBS-004,2000-kpmg-creating-a-successful-dot-com-the-devil-is-in-9dea24,,,framework-factor,2000,e-Business challenge 3: First-mover sustainability,Early dot-com winners face commoditization as followers copy business models,medium,ingest-extraction,expert-opinion,Abstract,First-mover advantage erosion concern,,,,,white-paper,low,white-paper
oracle-wp-prod-6-a42b4b-OBS-019,oracle-wp-prod-6-a42b4b,,erp,viability-prediction,2001,integrated-suite-long-run-winners,Traditional ERP vendors of the 1990s (who lost marketing cachet to upstart best-of-breed) are likely the winners in the long run with packaged integrated cross-enterprise solutions.,partially-verified,outcome-linkage,expert-opinion,conclusion,,,,,,white-paper,high,white-paper
2000-oracle-the-e-business-supply-chain-meeting-cu-r-re-1a72ef-OBS-013,2000-oracle-the-e-business-supply-chain-meeting-cu-r-re-1a72ef,ariba,,actual-outcome,2012,e-Procurement competitor Ariba outcome,Ariba acquired by SAP for $4.3 billion in 2012; became SAP Ariba — major supply chain platform,verified,web-source,document-review,N/A — post-study verification,"Ariba, implied competitor in study, thrived rather than failing; market consolidated",,,,,white-paper,medium,white-paper
1992-tpc-benchmarks-vp-ed0e0d-OBS-032,1992-tpc-benchmarks-vp-ed0e0d,aberdeen-group,tpc-benchmark,market-analysis,1992,Unix/RDBMS hot boxes TPC-A participation change,Missing from 1991 TPC-A price-performance leadership; entered in Q1 1992,high,ingest-extraction,analyst-assessment,2,Sufficient software efficiencies achieved to support terminal user counts for high-end TPC-A.,,,,1992-tpc-vp-032,white-paper,high,white-paper
intelitaniummfewp1[1]-773ea2-OBS-007,intelitaniummfewp1[1]-773ea2,intel,itanium-2,viability-prediction,2004,Xeon-Itanium cost parity,Intel aims to achieve cost parity,refuted,outcome-linkage,vendor-claim,p2,Intel aims to achieve cost parity between Xeon and Itanium lines,,,,,white-paper,medium,white-paper
aberdeen-1995-commercial-messaging-OBS-018,aberdeen-1995-commercial-messaging,,commercial-messaging,expert-opinion,1995,Legacy application retrofit risk from delayed adoption,growing mass of networking-limited legacy applications; costly retrofit or early rearchitecting required,high,ingest-extraction,industry-analysis,p.1,Delay adds to legacy debt; new client-server applications without Commercial Messaging may fail to scale in distributed enterprise and require early costly rearchitecting,,,,,white-paper,high,white-paper
1997-the-compaq-siebel-global-alliance-an-e-roach-to-cu-458c35-OBS-008,1997-the-compaq-siebel-global-alliance-an-e-roach-to-cu-458c35,compaq-computer,,actual-outcome,2002,HP acquisition of Compaq,HP acquired Compaq for approximately $19-25 billion in May 2002,verified,web-source,document-review,post-publication,Compaq dissolved as independent entity; ProLiant server brand retained under HP/HPE,,,,,strategy-profile,high,profile-case
1997-the-compaq-siebel-global-alliance-an-e-roach-to-cu-458c35-OBS-002,1997-the-compaq-siebel-global-alliance-an-e-roach-to-cu-458c35,siebel-systems,siebel-enterprise-applications,technology-assessment,1997,CIS market positioning,Enterprise-grade sales force automation and customer service/support,high,ingest-extraction,industry-analysis,Abstract,Siebel Enterprise Applications positioned at large-scale enterprise market segment,,,,,strategy-profile,high,profile-case
1997-crm-siebel-systems-pr-569e52-OBS-001,1997-crm-siebel-systems-pr-569e52,ent-sb-001,,market-data,1997,employee_count,Siebel Systems has over 214 employees,high,ingest-extraction,vendor-data,1,Company size in 1997,,,,OBS-SB-001,Vendor Strategy Profile,high,profile-case
1997-dynasoft's-boks-family--a-pragmatic-e6df7d-OBS-019,1997-dynasoft's-boks-family--a-pragmatic-e6df7d,,TECH-DYS-002,viability-prediction,1997,SSO market adoption,SSO will become essential enterprise infrastructure,high,ingest-extraction,pr,1,Aberdeen frames SSO as critical for managing geographically dispersed enterprises with multiple platforms,,,,OBS-DYS-019,Profile,medium,profile-case
1997-insession---accessing-and-leveragin-cb2e40-OBS-007,1997-insession---accessing-and-leveragin-cb2e40,,TECH-INS-002,viability-prediction,1997,Enterprise transaction system longevity,Organizations will need to leverage existing host-based ETS for extended period,high,ingest-extraction,analyst-judgment,Abstract,Implicit prediction: ETS systems are long-lived and integration solutions have durable market,,,,OBS-INS-007,Product Profile,medium,profile-case
webex--taking-conferencing-to-the-busine-5b8109-OBS-018,webex--taking-conferencing-to-the-busine-5b8109,,voip,technology-adoption,2002,VoIP security/QoS limitations,Internet VoIP suffers all security and privacy flaws of Internet; biggest Web conferencing drawback,high,ingest-extraction,analyst-assessment,2,VoIP over Internet: inability to ensure consistent response times and service levels; WebEx private WAN resolves this.,,,,,case-analysis,high,profile-case
aberdeen-1995-hp-customer-interaction-software-OBS-031,aberdeen-1995-hp-customer-interaction-software,ent-hp,tech-smart-contact,market-data,1995,smart_contact_benefit_users,eliminates need for users to track down point-product suppliers,high,ingest-extraction,industry-analysis,3,HP coordinates all components needed to build solution eliminating user search,,,,,product-profile,medium,profile-case
aberdeen-1995-ibm-as400-sap-r3-OBS-072,aberdeen-1995-ibm-as400-sap-r3,ibm-as400-division,as400-advanced-series,technology-assessment,1995,disk_max_model_530,520 GB,high,ingest-extraction,document-review,2,,,,,,product-profile,high,profile-case
dell-storage-profile-2004-OBS-010,dell-storage-profile-2004,dell,dell-emc-cx-family,product-profile,2004,Dell|EMC CX third generation — performance improvements,CX300: 70% faster than CX200; CX500: 100% faster than CX400; CX700: 25% faster than CX600 — at same price,high,ingest-extraction,document-fact,A New Generation Takes Center Stage,Performance improvement while holding price constant = improved price/performance denominator. Core Dell model.,,,,,case-analysis,high,profile-case
aberdeen-megatrends-mfa-cs-mis-1993-05-98fc87-OBS-001,aberdeen-megatrends-mfa-cs-mis-1993-05-98fc87,aberdeen-group,,framework-headline,1993,fifty-pct-capex-it,Up to 50% of capital expenditure is now for IT,high,ingest-extraction,primary,Enterprise Infrastructure slide,Aberdeen 1993 capex headline,,,,,consulting-presentation-deck,high,consulting-advisory
testahur95-330c0c-OBS-005,testahur95-330c0c,aberdeen-group,fault-tolerant-computers,strategic-assessment,1995,High-availability industry characterization,"Sophisticated industry of hardware, software, and service companies; all thrive on pain and paranoia surrounding computer application failures",high,ingest-extraction,expert-commentary,1,Range: fault-tolerant computers to network backup to virus-checking,,,,,consulting-report,medium,consulting-advisory
intel-centrino-pk-8ecf9a-OBS-003,intel-centrino-pk-8ecf9a,intel,centrino,product-evaluation,2003,Centrino battery life,Over 5 hours,high,ingest-extraction,primary-source,p1,Built from ground up for long battery life; better than Pentium 3/4 mobile.,,,,,expert-report,high,consulting-advisory
computerworld-ilm-waiting-2004-OBS-024,computerworld-ilm-waiting-2004,,ilm-software,actual-outcome,2010,Storage admin productivity improvement — actual outcome,Automated tiering reduced manual storage intervention significantly; 80% reduction in storage-related production hours broadly achieved per prescience context.,verified,web-source,industry-outcome,n/a,Prescience rating HIGH 8/10. The efficiency prediction proved directionally and quantitatively correct.,,,,,expert-report,high,consulting-advisory
ncr-3000-cabinet-engineering-diagram-199-fa564f-OBS-004,ncr-3000-cabinet-engineering-diagram-199-fa564f,ncr-corporation,qic-tape-525mb,hardware-spec,1992,Standard tape backup,525MB QIC tape standard,high,ingest-extraction,primary-source,1,Standard Devices Include: One 525 MB QIC Tape; One 1.44 MB Flex Disk,,,,,engineering-diagram,low,engineering-tech
ncr-3000-cabinet-engineering-diagram-199-fa564f-OBS-002,ncr-3000-cabinet-engineering-diagram-199-fa564f,ncr-corporation,micro-channel-architecture,hardware-spec,1992,Slot count,8 primary + 8 optional Micro Channel slots,high,ingest-extraction,primary-source,1,Primary Micro Channel Slots (8) plus Optional Side Optional Micro Channel Slots (8),,,,,engineering-diagram,low,engineering-tech
2001-hp-camera-lab-journal-prod-d90f3f-OBS-018,2001-hp-camera-lab-journal-prod-d90f3f,digital-equipment-corporation,data-mining,technology-assessment,2001,rom_upgrade_failure,ROM upgrade failed due to XP disk formatting process corrupting camera digital media,high,ingest-extraction,product-testing,2,Camera software detected available ROM update during reinstall; update failed because Windows XP formatting attempt had changed camera digital media state,,,,2001-hp-camera-lab-journal-prod-d90f3f.018,lab-journal,medium,engineering-tech
review-gateway-notebook-with-intel-centr-985a73-OBS-002,review-gateway-notebook-with-intel-centr-985a73,peter-s-kastner,gateway-450-notebook,expert-opinion,2003,Gateway 450 verdict,"High marks for the Gateway 450: excels at performance, battery life, screen visibility, and ability to pull in distant Wi-Fi signals.",high,ingest-extraction,hands-on-review,p1,Kastner 2-month travel review,,,,,topic-analysis,high,topic-viewpoint
otellini-preview-on-the-impact-2013-a50192-OBS-007,otellini-preview-on-the-impact-2013-a50192,intel-corp,,market-data,2004,process-node,90nm,verified,ingest-extraction,dr,p.2,,,,,,topic-analysis,medium,topic-viewpoint
review-gateway-notebook-with-intel-centr-985a73-OBS-002,review-gateway-notebook-with-intel-centr-985a73,peter-s-kastner,gateway-450-notebook,expert-opinion,2003,Gateway 450 verdict,"High marks for the Gateway 450: excels at performance, battery life, screen visibility, and ability to pull in distant Wi-Fi signals.",high,ingest-extraction,hands-on-review,p1,Kastner 2-month travel review,,,,,topic-analysis,high,topic-viewpoint
2002-04-oracle-appsworld-insight-jones-fb0f43-OBS-012,2002-04-oracle-appsworld-insight-jones-fb0f43,,,expert-opinion,2002,Oracle 11i upgrade value proposition,Newest version = basic platform for extended functionality; upgrade unlocks additional revenue opportunities within installed base,high,ingest-extraction,expert-opinion,Aberdeen Conclusions,Classic installed-base monetization framing for enterprise software,,,,,industry-insight,medium,topic-viewpoint
sars2-hot-topic-cf91d4-OBS-012,sars2-hot-topic-cf91d4,,,risk-assessment,2003,Hong Kong daily SARS case growth rate,~100 cases/day,medium,ingest-extraction,secondary-data,p2,Hong Kong case load growing at about 100 cases per day at time of writing,,,,,topic-analysis,high,topic-viewpoint
2003-06-sarbanes-oxley-insight-pt2-veytsel-3950f2-OBS-001,2003-06-sarbanes-oxley-insight-pt2-veytsel-3950f2,,,expert-opinion,2003,SOX core thesis: FVCM-analytics convergence,Sarbanes-Oxley Act is accelerating convergence between financial value chain management (FVCM) and financial analytics software,high,ingest-extraction,industry-analysis,p.1,Central predictive thesis of this insight,,,,,industry-insight,high,topic-viewpoint
2026-kastner-intel-longitudinal-776f7e-OBS-098,2026-kastner-intel-longitudinal-776f7e,peter-s-kastner,,framework-factor,2026,Recommended citation,"Kastner, P. S. (2026). Intel Corporation Across Five Decades of the Kastner Archive: Technology Emergence, Decline, and the x86 Market Calls. Aberdeen Group Archive. CC-BY-4.0.",verified,ingest-extraction,longitudinal-single-entity,§13,Stable citation for the longitudinal study,,,,,topic-analysis,high,topic-viewpoint
2026-kastner-ibm-longitudinal-OBS-051,2026-kastner-ibm-longitudinal,ibm,ibm-global-services,framework-factor,2026,THREAD-5: Services Transformation — Claim,"IBM would pivot from hardware firm to services-led company, with services becoming majority of revenue",verified,ingest-extraction,thematic-thread-decomposition,§4 THREAD-5,Strongest single verified prediction cluster in IBM archive; Gerstner pivot 1993-2002 fully documented,,,,,topic-analysis,high,topic-viewpoint
2026-kastner-oracle-longitudinal-OBS-071,2026-kastner-oracle-longitudinal,oracle-corporation,oracle-oci,strategy-classification,2016,oci-differentiation-thesis,Oracle OCI Gen 2 differentiated on security architecture (no shared tenancy for control plane) and price parity with AWS,high,ingest-extraction,archive-mining,,Oracle OCI Gen 2 claimed architectural superiority over AWS/Azure on isolation and security; aggressive pricing — 1/3 AWS price on comparable compute; designed to capture Oracle Database cloud migration,kastner-longitudinal,,,,topic-analysis,high,topic-viewpoint
aberdeen-retail-bi-benchmark-survey-2006-aa440e-OBS-004,aberdeen-retail-bi-benchmark-survey-2006-aa440e,aberdeen-group,retail-business-intelligence,market-data,2006,Planned publication date,"May 30, 2006 planned publication for the resulting Retail BI Benchmark Report",high,ingest-extraction,primary-source,slide-6,,,,,,research-design-deck,medium,presentation
aberdeen-multitrak-headlines-context-kas-f941d1-OBS-005,aberdeen-multitrak-headlines-context-kas-f941d1,,downsizing-it-strategy,manufacturing_case_history,1991,outcome,three-year-migration-with-SI-taking-dev-risk,high,ingest-extraction,deck-case-history,Case-2,Manufacturing case: 4381 → plant rings via systems integrator,,,,,conference-presentation,high,presentation
soa-aon-webinar-022206a-125e6b-OBS-026,soa-aon-webinar-022206a-125e6b,,data-mining,benchmark-result,2006,innovation_spend_gap_best_vs_avg,+11%,high,ingest-extraction,mc-bench,16,Best-in-Class companies spend 11 percentage points more on innovation than average,,,,,webinar-presentation,high,presentation
research-resources-the-william-davidson--7de658-OBS-001,research-resources-the-william-davidson--7de658,peter-s-kastner,it-outsourcing,expert-opinion,2006,Outsourcing strategic-skills framing,Companies are banking on the outsourcing of some of their application-related work to help boost the skills of their internal IT professionals and let them plunge their hands into more strategic initiatives — not all about the money.,high,ingest-extraction,industry-analysis,p1,Saia & Kastner Aberdeen Group 2006-11-28 report,,,,,news-article,medium,press-trade
supreme-court-orders-intel-documents-rel-e6e110-OBS-001,supreme-court-orders-intel-documents-rel-e6e110,peter-s-kastner,us-code-1782-discovery,expert-opinion,2004,Oddball legal situation,"This is an oddball legal situation where the EU has not requested documents from a sealed Alabama litigation, but AMD wants a California court to force their disclosure anyway. The Supreme Court now says California gets to decide what is disclosed to Europe.",high,ingest-extraction,analyst-commentary,p1,Kastner quote per Michael Singer InternetNews.com,,,,,news-article,high,press-trade
samsung-unveils-fastest-mobile-cpu-on-th-c34fad-OBS-005,samsung-unveils-fastest-mobile-cpu-on-th-c34fad,,arm-embedded-cpu,actual-outcome,2020,ARM dominance in mobile and PC,"By 2020, ARM-based SoCs dominated 99%+ of smartphones globally; Apple M1 (2020) extended ARM dominance into PC/Mac; Arm Ltd. went public on Nasdaq in September 2023 at a $54.5B valuation.",verified,web-source,industry-consensus,backfill,Backfill — ARM dominance thesis fully validated,,,,,news-article,high,press-trade
processor-editorial-article-much-in-stor-660f27-OBS-002,processor-editorial-article-much-in-stor-660f27,peter-s-kastner,linux-os,expert-opinion,2004,Microsoft will not open-source Windows,You'd be asking Microsoft to lose a lot of money in helping a competitor operating system. No sane business person would make this decision. There is no proven mass market for Linux.,high,ingest-extraction,expert-opinion,p1,Kastner contra Chad Robinson,,,,,news-article,high,press-trade
stratus-newcomers-tandem-eet-1982-24ae59-OBS-001,stratus-newcomers-tandem-eet-1982-24ae59,,,market-data,1981,FT market 1981 size,~$100M industry sales (CPU hardware + peripherals specifically packaged with FT systems) per Strategic Business Services Nov 1981 survey 'Survivable Systems: Pitfalls and Opportunities',verified,ingest-extraction,third-party-forecast,p.1,,,,,,press-article,medium,press-trade
wsj-digital-challenges-ibm-tests-bulkele-e2e227-OBS-009,wsj-digital-challenges-ibm-tests-bulkele-e2e227,ibm,,ibm_audit_refusal,1988,behavior,refused-RAMP-C-source-and-independent-audit,high,ingest-extraction,wsj-feature,p.32,IBM declined to release RAMP-C software or allow independent auditors to verify,,,,,newspaper-feature,high,press-trade
2001-aberdeen-group-recent-publications-psk-2be54d-OBS-029b,2001-aberdeen-group-recent-publications-psk-2be54d,microsoft,erp-software,actual-outcome,2010,Microsoft Dynamics evolution,Great Plains became Microsoft Dynamics GP; Microsoft Dynamics became multi-billion dollar ERP/CRM business,verified,web-source,document-review,Microsoft annual reports,Aberdeen's prediction of Great Plains as major Microsoft vehicle proved accurate,,,,,publication-catalog,high,press-trade
2010-intel-vpro-daily-globe-6f615e-OBS-018,2010-intel-vpro-daily-globe-6f615e,intel,vpro,actual-outcome,2025,platform_status,active-mainstream,high,ingest-extraction,document-review,1,"vPro remains Intel's flagship business platform in 2025 as Intel vPro Enterprise/Essentials, validating the long-term strategy",,,,2010-intel-vpro-daily-globe-6f615e.018,article,high,press-trade
2003-aberdeen-group-free-research-aberdeen-insights-1-968e18-OBS-032,2003-aberdeen-group-free-research-aberdeen-insights-1-968e18,,,expert-opinion,2001,Post-9/11 IT Spending Impact,Q4 2001 technology spending assessed for impact of September 11 events on the global IT economy,medium,ingest-extraction,expert-opinion,Assessing The Damage (Sep 2001),David Wright InSight; immediate post-9/11 analysis,,,,968e18-OBS-032,publication-catalog,medium,press-trade
watchit-psk-aberdeen-cro-presenter-2002--5843bc-OBS-001,watchit-psk-aberdeen-cro-presenter-2002--5843bc,peter-s-kastner,,kastner-title,2002,psk-aberdeen-cro-2002-04,Chief Research Officer,high,ingest-extraction,primary,Microsoft's Future Paths panel,PSK CRO title at Aberdeen April 2002,,,,,e-learning-program-lineup,medium,other
aberdeen-rb-testing-soa-web-apps-2007-e2096f-OBS-004,aberdeen-rb-testing-soa-web-apps-2007-e2096f,aberdeen-group,versioning-testing,market-data,2007,Versioning testing criticality,"Performance and versioning testing add to the mix, creating ingredients for significant QA-department change",high,ingest-extraction,primary-source,executive-summary,,,,,,research-brief,high,other
psa-category-created-hofferberth-57edb8-OBS-013,psa-category-created-hofferberth-57edb8,,,market-data,2002,Microsoft ships PSA,Microsoft ships Professional Services Automation product in 2002,high,ingest-extraction,market-tracking,Fig.2,Mass-market validation of PSA as established software category,,,,,category-creation-record,high,other
1999pr~1-c5516b-OBS-020,1999pr~1-c5516b,,erp,market-assessment,1999,Worldwide skilled IT labor shortage,Commoditization created worldwide shortage of qualified IS professionals for deployment and lifecycle management,high,ingest-extraction,expert-opinion,p.15,Cited as major market driver for IBM Global Services growth,,,,,other-research,medium,other
erpv2p~1-b15573-OBS-002,erpv2p~1-b15573,,erp,market-assessment,1996,Worldwide ERP market size 1996,$13.8 billion,high,ingest-extraction,industry-analysis,p.3,Year-over-year growth from 1996 to 1997,,,,,other-research,high,other
datamation-informix-dsa-ad-aberdeen-cite-a9f18d-OBS-004,datamation-informix-dsa-ad-aberdeen-cite-a9f18d,gordon-kerr-hyatt,informix-dsa,commentary,1994,Hyatt SMP-to-MPP scaling rationale,Hyatt deploying SMP across organization,high,ingest-extraction,customer-quote,1,Hyatt VP IS,,,,,vendor-advertisement,medium,vendor-marketing
oracle-att-ncr-customer-driven-seminar-t-b9f539-OBS-006,oracle-att-ncr-customer-driven-seminar-t-b9f539,att-corp,att-ncr-alliance,market-context,1993,AT&T-NCR alliance era,marketed as AT&T/NCR in fall 1993 brochures,high,ingest-extraction,primary-source,1,Confirms 1991-1996 AT&T-NCR ownership window,,,,,seminar-tour-brochure,high,vendor-marketing
aberdeen-managing-is-amidst-it-chaos-lan-05ea75-OBS-001,aberdeen-managing-is-amidst-it-chaos-lan-05ea75,land-o-lakes-inc,mainframe-computing,forecast,1993,Mainframe long-term investment outlook,negative,high,ingest-extraction,expert-opinion,21,'New mainframes are not good long-term investment',,,,,client-seminar-deck,medium,vendor-marketing
pc-replacements-lawyers-auditors-and-com-ce8ebb-OBS-003,pc-replacements-lawyers-auditors-and-com-ce8ebb,peter-s-kastner,windows-98,market-data,2003,50M+ aging PCs in operation,"More than 50,000,000 aging PCs sit on desks in corporate cubes and offices around the world. They were built and sold before the millennium -- in fact, many were bought circa 1998 because of anticipated Y2k problems with even older Microsoft DOS and Windows 3.1 PCs.",high,ingest-extraction,industry-analysis,p1,Kastner market sizing,,,,,memoir,high,memoir
on-computers-tips-good-news-for-ncr-dell-1943c5-OBS-006,on-computers-tips-good-news-for-ncr-dell-1943c5,,teradata-warehouse,viability-prediction,2005,HP becomes major Teradata customer,Prediction: HP will quietly become a major Teradata customer under Hurd/Mott.,high,ingest-extraction,expert-opinion,p1,Explicit Kastner prediction,,,,,memoir,medium,memoir
q-a-achieving-more-value-from-enterprise-d1d7dd-OBS-006,q-a-achieving-more-value-from-enterprise-d1d7dd,peter-s-kastner,erp-application-platform,topic-insight,2006,SOA-enabled ERP as toolset warning,Some SOA buyers believe they can upgrade to the SOA versions of their ERP applications and then use the result as their SOA toolset. We warn against that approach in our report — it is dangerous.,high,ingest-extraction,expert-opinion,p1,Kastner core warning; authored piece,,,,,memoir,high,memoir
classmate-pc-evaluation-notes-8-103667-OBS-022,classmate-pc-evaluation-notes-8-103667,peter-s-kastner,mythware-class-v6,personal-recollection,2008,monitor-crash,"Class v6.0 Bug #2 (4.1 Monitor, page 16): program crashed first two times (mixed wired/wireless LAN); third attempt on all-wired LAN. Cannot evaluate function.",high,ingest-extraction,product-evaluation,class-2,,,,,,memoir,medium,memoir
peter-kastner-10-bde195-OBS-003,peter-kastner-10-bde195,lorie-wigle,,personal-recollection,2009,day1-emerging-market-eco,Day 1 9:00-10:00 AM: Intel Green / Eco-Tech Huddle with Lorie Wigle (RA3-MPR3B); 11:00 AM-12:00 PM: Emerging Market Roundtable (RA3-TR1).,high,ingest-extraction,document-review,day-1,,,,,,memoir,low,memoir
pc-replacement-survey-one-size-fits-none-73e2e0-OBS-001,pc-replacement-survey-one-size-fits-none-73e2e0,peter-s-kastner,corporate-desktop-pc,personal-recollection,2003,Author title and role,"By Peter Kastner, the Aberdeen Group (InternetWeek); EVP and Chief Research Officer for the Consumer Digital Technology Practice at Aberdeen Group.",high,ingest-extraction,personal-recollection,p1,Byline and author bio,,,,,memoir,high,memoir
volume-1-ch06-dec-mainframes-last-stand-1987-1988-OBS-016,volume-1-ch06-dec-mainframes-last-stand-1987-1988,cullinet,,personal-recollection,1988,Benchmark location,"Blind benchmark conducted through a CICS consulting firm in Westwood, Massachusetts using the Cullinet mainframe data center.",high,ingest-extraction,mc-oh,The Westwood Midnight Ambush,,,,,,memoir,high,memoir
volume-1-ch03-physics-of-consulting-1972-1979-OBS-009,volume-1-ch03-physics-of-consulting-1972-1979,,univac-96-col-card,topic-insight,1972,96-column vs. 80-column card format incompatibility,"Univac 96-column cards vs. IBM 80-column: every Chase field designed for 96 columns had to be exploded into multiple 80-column IBM cards, rebuilding every field boundary.",high,ingest-extraction,mc-ia,Sidebar: The 96-Column Problem,1970s equivalent of cross-vendor database format migration.,,,,,memoir,high,memoir
ncr-system-3000-model-3550-brochure-1992-b15aed-OBS-003,ncr-system-3000-model-3550-brochure-1992-b15aed,ncr-corporation,ncr-3550,product-spec,1992,RAS features,Hot-pluggable disks; RAID; dual-port memory; fault-resilient design,high,ingest-extraction,vendor-collateral,1,Brochure RAS bullets,,,,,vendor-product-brochure,medium,product
ncr-topend-tp-monitor-brochure-1992-eeea31-OBS-003,ncr-topend-tp-monitor-brochure-1992-eeea31,ncr-corporation,posix-standard,product-spec,1992,Standards compliance,POSIX compliance claimed,high,ingest-extraction,vendor-collateral,1,Brochure standards bullet,,,,,vendor-product-brochure,medium,product
computerworld-stratus-xa2000-launch-1987-d9d143-OBS-004,computerworld-stratus-xa2000-launch-1987-d9d143,william-e-foster,oltp-45pct-growth-forecast,commentary,1987,Foster OLTP forecast,Selling into a market that has an insatiable appetite for tps; 45% annual growth over next 5 years,high,ingest-extraction,primary-source,1,Verbatim Foster quote and design assumption,,,,,trade-press-product-launch,high,product
dct-segment-priorities-matrix-2003-OBS-017,dct-segment-priorities-matrix-2003,,,expert-opinion,2002,TV/stereo integration friction,"In 2002, making a TV and stereo work with a PC is difficult",high,ingest-extraction,industry-analysis,p.1,,,,,,dct,high,dct
dct-kastner-wish-list-2002-12-OBS-010,dct-kastner-wish-list-2002-12,gateway-inc,intel-pentium-4-hyperthreading,market-data,2002,configuration,Intel 3.06GHz HT P4 customizable option on Profile 4,high,ingest-extraction,direct-observation,item-4,,,,,,dct,medium,dct
dct-personal-it-forecast-research-2001-OBS-002,dct-personal-it-forecast-research-2001,idc,desktop-pc,market-data,2001,US 2001 PC unit shipments forecast,45.3 million units (-6.3%),high,ingest-extraction,market-tracking,p.2,First-ever US annual decline,,,,,dct,medium,dct
youtube-kastner-intel-vpro-tco-2008-cb1733-OBS-002,youtube-kastner-intel-vpro-tco-2008-cb1733,intel-corp,intel-centrino-2-vpro,market-trend,2008,Centrino 2 vPro launch,Centrino 2 vPro mobile platform launched July 2008; positioned with Core 2 vPro for business-PC TCO,high,ingest-extraction,vendor-disclosure,online,Vendor-published context,,,,,transcript,low,transcript
microsoft-s-future-paths-6-f86f30-OBS-005,microsoft-s-future-paths-6-f86f30,isaac-ro,microsoft-mipad,expert-opinion,2002,Speech recognition prototypes,Implications of Microsoft's MiPad and 'Dr. Who' speech research initiatives; current technology limitations discussed.,medium,ingest-extraction,expert-opinion,00:22:00,"Segments ""Implications of Microsoft's MiPad and Dr. Who Initiatives"" and ""Limitations of Current Speech Recognition Technology""",,,,,transcript,medium,transcript
hp-analyst-phone-call-6-204870-OBS-004,hp-analyst-phone-call-6-204870,hp,,expert-opinion,2003,reduced-complexity-partial-credit,Reduced-complexity message: believable on consumer side; lesser on IPG; no proof points on ESG; only marginal on services.,high,ingest-extraction,oral-history,Q4,,,,,,transcript,high,transcript
soa-with-bpm-docx-1211c7-obs-003,soa-with-bpm-docx-1211c7,peter-kastner,kpm-frameworks,recommendation,2005,KPM adoption for BPM,Organizations with clear KPMs more likely to achieve substantial BPM ROI,medium,ingest-extraction,ai-summary,699,Kastner best practice: establish KPMs to measure BPM success and justify investment.,,,,,ai-response,high,ai-response
soa-with-bpm-docx-1211c7-obs-002,soa-with-bpm-docx-1211c7,peter-kastner,bpm-general,finding,2005,BPM adoption challenges,"Management support, IT skills adequacy, systems integration complexity",medium,ingest-extraction,ai-summary,699,Kastner identified three primary barriers to BPM adoption success.,,,,,ai-response,high,ai-response
soa-bpm-legacy-renewal-bce60f-obs-014,soa-bpm-legacy-renewal-bce60f,peter-kastner,business-process-management,technical-claim,~202,Customer experience benefit,Consistent experiences — BPM standardizes processes for consistent cross-touchpoint customer experience,medium,ingest-extraction,ai-essay,p2,AI-generated claim. Process standardization through BPM reinforces brand trust and loyalty.,,,,,ai-response,low,ai-response
1997-ibm-information-integration-family--29351c-OBS-009,1997-ibm-information-integration-family--29351c,ibm-corporation,datajoiner,technology-assessment,1997,DataJoiner SQL-3 support planned,1997 plans to add SQL-3 standard support and mimic advanced operations on DBMSs lacking them,medium,ingest-extraction,vendor-claim,datajoiner-section,Planned DataJoiner support for SQL-3 features and simulation of advanced operations on non-supporting DBMSs,,,,1997-ibm-information-integration-family--29351c.009,Profile,,profile-case
aberdeen-1995-digital-multia-OBS-022,aberdeen-1995-digital-multia,digital-equipment-corporation,multia,technology-assessment,1995,integration-vs-diy-stability,DIY assembly of equivalent third-party emulators and protocols would be less stable and less robust than integrated Multia,medium,ingest-extraction,competitive-analysis,p.1 Market Position,Aberdeen's justification for the premium price point,,,,,product-profile,,profile-case
