reject,row_id,article_seq,date,headline,publication,author,content_type,kastner_quotation,immediate_context,is_predictive,prescience_score,prescience_rationale,forecast_horizon_years,theme,decade,accuracy_outcome,verdict_rationale,verdict_sources,source_segment_idx,classification,discovery_rule,discovery_confidence,detector_headline_attempted
,199,105,2002-07-12,Revised Dell Q2 Outlook Boosts Market,E-Commerce Times,Jennifer LeClaire,online-article,"Many universities treat Dell as a preferred vendor,","imes. Gaining Ground Analysts said they expected Dell to profit in the education market, thanks largely to its network of partners developed over the past few years. ""Many universities treat Dell as a preferred vendor,"" Kastner said. ""Students can purchase discounted Dells at the university book store and get free university desktop support."" But in addition to an uptick in education, government and business sales, Dell executives said the company believes it is gaining ma",no,not-applicable,Observational — a factual statement about Dell's preferred vendor status at universities.,0,networking-and-comms,2000s,,,,361,ARTICLE_HEAD,F6,low,Gaining Ground
,374,595,2002-08-16,"Dell Posts Q2 Profit, Predicts Q3 Growth",E-Commerce Times,Jennifer LeClaire,online-article,"Dell's operating costs -- general, sales and administrative -- are under 10 percent now of sales,","ter, up 19 percent from the year-ago period. Its goal is to improve operating margins and earnings per share by 25 to 30 percent. ""Dell's operating costs -- general, sales and administrative -- are under 10 percent now of sales,"" said Kastner. ""So it's a lean and mean, low-overhead operation."" Dell is ahead of schedule in its effort to save more than $1 billion in total costs this year, including cost cuts in product design Click here to get the Free Email Design No-No's Guide from",no,not-applicable,Observational — current-state financial metric for Dell's operating costs.,0,pcs-and-clients,2000s,,,,349,UNKNOWN,F5,medium,
,426,458,2006-01-05,Business Turns to Composite Applications to Keep Up With Competition,PR Newswire (Aberdeen Group press release),Aberdeen Group,press-release,"The business focus for any organization should be on optimizing the processes that make it unique, such as customer satisfaction, service delivery, low-cost supply, and fast delivery,","erdeen report, ""The Composite Applications Benchmark Report."" ""The business focus for any organization should be on optimizing the processes that make it unique, such as customer satisfaction, service delivery, low-cost supply, and fast delivery,"" said Peter S. Kastner, Vice President of Aberdeen's Enterprise Technology research practice and primary author of the report. ""Our research found that companies are targeting web-based applications first - specifically portals and browser- based applic",no,not-applicable,Observational — general strategic principle about focusing on core business processes,0,enterprise-servers-and-architecture,2000s,,,,301,ARTICLE_CONTINUATION,F5,medium,
,458,488,2007-01-17,Composite Applications Used to Solve Integration Problems,Application Development Trends,James E. Powell,online-article,"The business focus for any organization should be on optimizing the processes that make it unique, such as customer satisfaction, service delivery, low-cost supply, and fast delivery.","Kastner (VP, Aberdeen Enterprise Technology research practice; primary author of The Composite Applications Benchmark Report: How SOA Standards Are Accelerating Business Change) on why companies are using composite applications rather than waiting for full SOA rollout.",no,not-applicable,Observational — current-state analysis.,0,enterprise-servers-and-architecture,2000s,,,,301,ARTICLE_CONTINUATION,F5,medium,
,494,591,2004-07-27,IBM Lands Navy Supercomputer Deal,E-Commerce Times,Keith Regan,online-article,"It used to be if you needed a machine this powerful, you had only a handful of places to turn,","Research Officer Peter Kastner told the E-Commerce Times that more companies these days can lash servers together to produce high-powered machines. ""It used to be if you needed a machine this powerful, you had only a handful of places to turn,"" Kastner said, noting that because of the scarcity of such machines, there was little price competition. ""That's no longer the case."" US Aims for Fastest Supercomputer Title By Elizabeth Millard E-Commerce Times 05/13/04 2:27 PM PT Currently, Japan hol",no,not-applicable,Observational — current-state analysis.,0,e-commerce-and-internet,2000s,,,,304,ARTICLE_HEAD,F3,high,Keith Regan
X,546,234,,Extended Business Markup Language (XBRL) Improves Financial Reporting,Kastner Blog,Peter S. Kastner,blog-post,,,,,,,vendor-strategy-and-ma,,,,,501,ARTICLE_HEAD,F0a,medium,Email ThisBlogThis!Share to TwitterShare to FacebookShare to Pinterest
X,554,242,,Google Converts Your Phone Number Into a Map to Your House,Kastner Blog,Peter S. Kastner,blog-post,,,,,,,vendor-strategy-and-ma,,,,,527,UNKNOWN,F0a,medium,
X,555,243,,Google plans web page links. Good or bad?,Kastner Blog,Peter S. Kastner,blog-post,,,,,,,vendor-strategy-and-ma,,,,,538,ARTICLE_HEAD,F0a,medium,Email ThisBlogThis!Share to TwitterShare to FacebookShare to Pinterest
X,568,256,,IT Holiday: No Microsoft Patches This Month,Kastner Blog,Peter S. Kastner,blog-post,,,,,,,vendor-strategy-and-ma,,,,,530,UNKNOWN,F0a,medium,
X,575,263,,Internet Explorer 7.0 Details Start Leaking,Kastner Blog,Peter S. Kastner,blog-post,,,,,,,e-commerce-and-internet,,,,,519,ARTICLE_HEAD,F0a,medium,Peter S. Kastner
X,589,277,,Microsoft Xbox2 to Challenge Sony PS3,Kastner Blog,Peter S. Kastner,blog-post,,,,,,,vendor-strategy-and-ma,,,,,502,ARTICLE_HEAD,F0a,medium,Peter S. Kastner
X,595,283,,"Monday, March 21, 2005",Kastner Blog,Peter S. Kastner,blog-post,,,,,,,vendor-strategy-and-ma,,,,,516,UNKNOWN,F0a,medium,
X,604,292,,Oracle Outbids SAP for Retek's Retail Apps,Kastner Blog,Peter S. Kastner,blog-post,,,,,,,databases-and-middleware,,,,,515,ARTICLE_HEAD,F0a,medium,Email ThisBlogThis!Share to TwitterShare to FacebookShare to Pinterest
X,614,302,,"Saturday, February 26, 2005",Kastner Blog,Peter S. Kastner,blog-post,,,,,,,vendor-strategy-and-ma,,,,,534,ARTICLE_HEAD,F0a,medium,Email ThisBlogThis!Share to TwitterShare to FacebookShare to Pinterest
X,629,317,,"Sunday, May 01, 2005",Kastner Blog,Peter S. Kastner,blog-post,,,,,,,vendor-strategy-and-ma,,,,,503,ARTICLE_HEAD,F0a,medium,Peter S. Kastner
X,642,330,,Tip: Faster Windows Startup,Kastner Blog,Peter S. Kastner,blog-post,,,,,,,os-and-platforms,,,,,536,ARTICLE_HEAD,F0a,medium,Peter S. Kastner
X,643,331,,Tips: iPod Without the iTunes,Kastner Blog,Peter S. Kastner,blog-post,,,,,,,vendor-strategy-and-ma,,,,,536,ARTICLE_HEAD,F0a,medium,Peter S. Kastner
X,648,336,,"Tuesday, March 22, 2005",Kastner Blog,Peter S. Kastner,blog-post,,,,,,,vendor-strategy-and-ma,,,,,515,ARTICLE_HEAD,F0a,medium,Email ThisBlogThis!Share to TwitterShare to FacebookShare to Pinterest
X,656,344,,"Wednesday, February 23, 2005",Kastner Blog,Peter S. Kastner,blog-post,,,,,,,vendor-strategy-and-ma,,,,,538,ARTICLE_HEAD,F0a,medium,Email ThisBlogThis!Share to TwitterShare to FacebookShare to Pinterest
X,658,346,,"Wednesday, June 15, 2005",Kastner Blog,Peter S. Kastner,blog-post,,,,,,,vendor-strategy-and-ma,,,,,487,ARTICLE_CONTINUATION,F0a,medium,
X,668,356,,Xrackhosting debuts dedicated Mac Mini hosting,Kastner Blog,Peter S. Kastner,blog-post,,,,,,,vendor-strategy-and-ma,,,,,510,ARTICLE_HEAD,F0a,medium,Posted by Anonymous at 1:16?AM No comments:
X,671,359,,ZD on 64 Bits: Wrong Facts Hurt Your Argument,Kastner Blog,Peter S. Kastner,blog-post,,,,,,,vendor-strategy-and-ma,,,,,514,ARTICLE_HEAD,F0a,medium,Email ThisBlogThis!Share to TwitterShare to FacebookShare to Pinterest
,780,417,2004-02-17,2004 In the IT Channel: Rewriting the Rules All Over Again,CRN (Channelweb),Peter Kastner,authored-column,IT has moved from being perceived as the driver to being seen as the enabler. IT investments that cannot meet the business financial hurdles or aren't perceived as absolutely necessary won't happen in 2004.,"In his CRN column, Kastner asserted IT's role was shifting from business driver to business enabler, with tightened financial hurdles killing any IT investment not clearly tied to bottom-line value.",yes,high,"Post-dot-com, 2004 saw global IT spending grow modestly ~5% per Gartner/IDC while enterprises imposed stricter ROI and business-value requirements on investments, confirming tightened financial hurdles. [Phase-3 deferred-review resolved 2026-04-24]",1,it-spend-and-market-outlook,2000s,validated,"Post-dot-com, 2004 saw global IT spending grow modestly ~5% per Gartner/IDC while enterprises imposed stricter ROI and business-value requirements on investments, confirming tightened financial hurdles.","[Gartner via LA Times](https://www.latimes.com/archives/la-xpm-2003-oct-21-fi-gartner21-story.html), [CFO.com IT Budgets and ROI](https://www.cfo.com/news/it-budgets-and-roi/680596/)",214,ARTICLE_HEAD,F1,high,The net on overall IT-market conditions is that they will move forward in 2004--but under a fundamentally changed
,1005,589,2004-04-28,"Dell, Oracle & Linux: Your Next SAP Platform?",Aberdeen Group (Perspective Vol.1 No.1),Peter S. Kastner,authored-column,"While Unix is not dead, this announcement puts another nail in the coffin. Linux clusters have arrived for mission-critical EBA applications.","Aberdeen Conclusions section, forecasting that Dell + Oracle 9i RAC + Linux on Intel-based 2-4-way clusters would replace 10,000 aging RISC-Unix SAP installations during the 2004 EBA (Enterprise Business Application) replacement cycle.",yes,high,"Linux on commodity x86 clusters did indeed displace proprietary RISC-Unix as the dominant platform for SAP and large ERP workloads during 2004-2010, with Oracle RAC on Linux becoming standard and legacy RISC (Sun SPARC, HP PA-RISC, IBM POWER for ERP) declining sharply. Forecast proved accurate within the stated ~5-year horizon.",5,databases-and-middleware,2000s,,,,333,ARTICLE_HEAD,F3,high,"• SAP NetWeaver is open to stan- dards-based integration, lowering EAI development and maintenance costs, while"
,1020,604,2002-06-21,Microsoft Says No to Compromise,E-Commerce Times,Teri Robinson,online-article,I don't believe the states will get Windows chopped up the way they have suggested. But I do believe the judge will do more than simply reaffirm the agreement the Justice Department and Microsoft reached last November.,"Kastner handicapped the closing phase of the multi-state Microsoft antitrust remedy trial before Judge Kollar-Kotelly, predicting neither a sweeping state victory (modular Windows) nor a mere rubber-stamping of the November 2001 DOJ settlement.",yes,high,"The November 2002 Kollar-Kotelly ruling largely accepted the DOJ settlement with only modest additional remedies, rejecting the non-settling states' demand for a modular Windows — closely matching Kastner's prediction.",1,os-and-platforms,2000s,,,,359,UNKNOWN,F5,medium,
,1045,634,2003-04-07,High Tech Monday Update,PR Newswire (Dow Jones Newswires source),(Dow Jones Newswires via PR Newswire),press-release,"At a minimum, the SARS epidemic will cause schedule slippages and disrupt the aggressive growth plans that global electronics companies have for the affected geographies... Worst case, it could result in major supply chain disruptions and another downdraft for an industry that is just beginning to show signs of life.","Weekly PR Newswire market wrap-up for April 7, 2003; quotes Kastner via Dow Jones Newswires on SARS-epidemic risk to Asia-dependent global electronics supply chains and product launch schedules after Flextronics and other manufacturers temporarily shut Hong Kong offices.",yes,high,"The ""schedule slippage + supply chain disruption"" framing Kastner applied to SARS-2003 became the canonical template for pandemic-era supply risk analysis — reused wholesale for COVID-19 in 2020 (chip shortages, cascading delays, CE product lead-time blowouts). Kastner's specific point that geography-concentrated electronics manufacturing amplifies epidemic risk was directly validated 17 years later.",17,it-spend-and-market-outlook,2000s,,,,418,ARTICLE_CONTINUATION,F5,medium,
,1181,,,Sony Playstation,AP,,,"y, actually got their version out first to market. With other launch problems, Sony was a year late out of the gate. So much for partnerships. The Race for a New Game Machine looks like a fascinating winter read for technologists. Posted by Peter S Kastner at 3:59?PM 1 comment: Tuesday, December 30, 2008 Apple unloads iMacs Before January 15th Good deal on a refurb iMac at Apple this week. But why jump now when it's very likely that the iMac and Mac Pro desktops will be refreshed during MacWorld nex","capacity, actually got their version out first to market. With other launch problems, Sony was a year late out of the gate. So much for partnerships. The Race for a New Game Machine looks like a fascinating winter read for technologists. Posted by Peter S Kastner at 3:59?PM 1 comment: Tuesday, December 30, 2008 Apple unloads iMacs Before January 15th Good deal on a refurb iMac at Apple this week. But why jump now when it's very likely that the iMac and Mac Pro desktops will be refreshed during MacWorld next month? My bet is on a quad Core Duo 2 option for the iMac. Posted by Peter S Kastner",,,,,,,,,,476,ARTICLE_CONTINUATION,F5,medium,