"study_id","title","author","date","type","subject_domain","methodology","source_file","abstract","license","importance","importance_rationale","relevance","relevance_rationale","prescience","prescience_rationale"
"cnbc-sars-electronics-supply-chain-impact-92deff","CNBC: SARS Impact on Global Electronics Supply Chain (Kastner as Chief Research Officer, Aberdeen Group)","CNBC (anchors: Leslie, Martha; with Peter S. Kastner, Aberdeen Group)","2003-04-03","transcript","global-supply-chain-disruption","oral-history, expert-quote, broadcast-archive, ai-generated-summary","transcript SARS CNBC 4_3_2003.md","5-minute CNBC segment on SARS's potential impact on the global electronics industry. Kastner (Chief Research Officer, Aberdeen Group) frames the analysis: electronics industry worth ~$1 trillion globally; 115 million PCs assembled in Asia (many in China); RBC has cut PC/notebook demand projections. Discusses semiconductor, PC, and communications firm exposure (incl. Motorola closing a Singapore cell phone plant). CEO travel cancellations; Intel postponing developer forum. Kastner criticizes Chinese government's initial information withholding, citing executive concerns and Taiwan's president. Source video archived in companion private repo shorttack/kastner-restricted-sources. AI-generated summary transcript ingested 2026-06-12.","CC-BY-NC-SA-4.0","high","Pete-flagged HIGH IMPACT. Kastner as Chief Research Officer providing primary supply-chain analysis at the start of the SARS crisis — exactly the kind of moment that anchors a 'prescience' case.","high","Kastner is the central analyst on-air; pure Aberdeen Group coverage of supply-chain disruption mechanics.","high","Pete-flagged as high-impact for prescience: Kastner identified the pandemic-driven supply-chain disruption mechanism in real time during SARS — pattern reactivated and intensified by COVID-19 17 years later. Confirm prescience scoring vs full prescience methodology when running Pass B/Pass C."
"nbc-nightly-sars-economic-impact-electronics-39b4da","NBC Nightly News (Tom Brokaw): SARS Economic Impact, Electronics Supply Chain, Asia Travel Bans","NBC Nightly News (Tom Brokaw; Ann Thompson reporting; with Peter S. Kastner, Aberdeen Group)","2003-04-03","transcript","global-supply-chain-disruption","oral-history, expert-quote, broadcast-archive, ai-generated-summary","transcript SARS NBC Nightly News segment (4_3_2003).md","3-minute NBC Nightly News special edition (Tom Brokaw) on SARS economic fallout running concurrent with the Iraq war. Ann Thompson reports: spike in first-time jobless claims, sharp drop in US service-sector activity, 27% of companies banning Asia travel (Business Travel Coalition), $22M/month US airline ticket revenue at risk to Asia. Kastner ('high-tech consultant') warns of factory-closure risk and consumer-electronics availability impact. Pre-SARS Asian economies (ex-Japan) growing at 5%; SARS threatens US exports and overall recovery. Source video archived in companion private repo shorttack/kastner-restricted-sources. AI-generated summary transcript ingested 2026-06-12.","CC-BY-NC-SA-4.0","high","Pete-flagged HIGH IMPACT. Network-evening-news placement gives Kastner's supply-chain thesis the broadest possible 2003 audience.","high","Kastner is the named expert on the electronics-industry impact angle in a Tom Brokaw segment.","high","Pete-flagged as high-impact for prescience: companion to the CNBC same-day segment. Mass-audience network broadcast of the pandemic-supply-chain mechanism documented 17 years before COVID-19."
"dec-blue-monday-internal-sales-training-dectp-vs-ibm-0021cc","DEC 'Blue Monday' Internal Sales Training: DECtp Strategy vs IBM and Tandem","Peter S. Kastner","1988-08-01","transcript","video-transcript/transaction-processing","oral-history, expert-quote, broadcast-archive, ai-generated-summary","transcript DEC Blue Monday 8_1_1988 DECtp.md","Verbatim transcript of DEC's 'Blue Monday' internal sales training event (Burlington, VT, 1 Aug 1988) on Digital's transaction-processing strategy versus IBM and Tandem. Aberdeen Group's John Logan and Peter Kastner predict DEC will become the TP vendor of choice in the 1990s; Steve Smith of Payne-Webber argues DEC TP will drive demand for bigger systems. Heavy benchmark content: VAX 8830 ≈ IBM 3090-200E at one-fifth the cost; DEC TP revenue estimated at $1B/year, equal to Tandem; TP market $21B/year growing 2x the broader computer market.","CC-BY-4.0","high","61-minute DEC TP strategy event with Aberdeen, Payne-Webber, and Applied Expert Systems analyst panels; first-party DEC TP market sizing and VAX 8830 vs IBM 3090 benchmark claims; Logan's 1988 viability prediction that DEC would become TP vendor of choice in the 1990s.","medium","Captures late-1980s TP competitive frame (IBM mainframe vs Tandem fault-tolerant vs DEC VAX) and Aberdeen analyst methodology; specific benchmark numbers are dated but the strategic framing remains a useful historical anchor.","low","Logan's central prediction (DEC TP vendor of choice in 1990s) did not occur; DEC continued losing TP share through early 1990s and was acquired by Compaq in 1998. Kastner's $1B DEC TP revenue estimate and 'triple market share' projection both overshot reality. Smith's broader 'dinosaur mainframe being challenged' thesis was directionally correct but on a longer arc than DEC's own demise allowed."
"informix-universal-server-launch-object-relational-fb2cd4","Informix Universal Server Launch: The First Object-Relational DBMS","Peter S. Kastner","1996-12-01","transcript","video-transcript/object-relational-databases","oral-history, expert-quote, broadcast-archive, ai-generated-summary","transcript Informix Universal Server launch (12_1996).md","Verbatim transcript of Informix's Universal Server launch event (Dec 1996, New York). Phil White (CEO) and Mike Stonebraker (CTO, ex-Ingres/Illustra founder) introduce the first commercial object-relational DBMS, integrating DataBlade extensions for text, 2D-spatial, image, video, time-series, and Java types. Stonebraker predicts ORDBMS will replace relational as the mainstream database within a few years. Ed Zander (Sun president) keynotes on the network-computer thesis. Panels of DataBlade partners (FAME, Open Market, MapInfo, Kodak, Excalibur, NEC) and beta customers (GE Information Services, GDE Systems, CS First Boston, CitySearch, Creative Artists Agency) anchor the launch. $8-10B database market, growing 30-50%; 1500+ apps already in production; 29 DataBlades available, 51 more announced; stock up from $17 to $27.50 in two weeks.","CC-BY-4.0","high","Anchor event for the object-relational database thesis -- Stonebraker's explicit prediction that ORDBMS will replace pure relational systems as mainstream within a few years. Heavy first-party market sizing ($8-10B DB market, 30-50% growth), benchmark claims (Universal Server 10-1000x faster than middleware), and DataBlade partner ecosystem. Captures Informix at its peak (stock $17 -> $27.50 in two weeks) before its 2000-2001 collapse and IBM acquisition.","high","The architectural ideas Stonebraker advocated (typed extensions, spatial, text, time-series, and rich JSON-like types co-existing with relational) became core to modern PostgreSQL, Oracle, SQL Server, and the broader database industry. The transcript is a primary-source snapshot of the object-relational thesis at its commercial debut.","medium","Stonebraker's directional thesis was validated -- modern relational DBMSes are object-relational in everything but name (PostgreSQL JSON/GIS/full-text, SQL Server, Oracle, DuckDB types). But Informix the company lost the commercial race: stock collapsed 1997-2000, accounting scandal, IBM acquired Informix in 2001. Phil White's 'twelve to eighteen months ahead of anybody in the industry' claim did not translate into durable market leadership. Mixed prescience: idea right, company wrong."
"crossroads-ad-buy-vs-make-integration-fc4acd","Crossroads Ad 1 (1997): Buy vs Make EAI Integration","Peter S. Kastner","1997-01-01","transcript","video-transcript/enterprise-application-integration","oral-history, expert-quote, broadcast-archive, ai-generated-summary","transcript Crossroads ad 1 1997.md","Two-minute Crossroads Software commercial featuring Peter Kastner as the buy-vs-make spokesman for enterprise application integration (EAI). Kastner argues that custom-built integration between major apps (Oracle, SAP, Vantive) is fragile and costs $1.5-4M per pair, while Crossroads cuts lifetime (5-7 yr) maintenance costs by 40-60% (sometimes 90%). The ad positions Crossroads as enabling best-in-class mix-and-match application portfolios.","CC-BY-4.0","low","Short vendor commercial; captures Kastner's EAI cost-savings thesis and the late-1990s best-of-breed-vs-suite debate. Limited analytical depth.","medium","Buy-vs-make framing and best-of-breed application portfolios remain a perennial enterprise IT debate today (modern: composable ERP, iPaaS, MACH).","medium","Kastner's specific 40-60% (up to 90%) maintenance-savings claim could not be independently validated post-Crossroads acquisition. Crossroads Software was acquired by webMethods in 2001 and folded into Software AG; the EAI category broadly survived under iPaaS branding. Direction right, vendor specifics unverifiable."
"crossroads-ad-process-wear-enterprise-apps-9c8527","Crossroads Ad 2 (1997): Process Wear for Enterprise Applications","Peter S. Kastner","1997-01-01","transcript","video-transcript/enterprise-application-integration","oral-history, expert-quote, broadcast-archive, ai-generated-summary","transcript Crossroads ad 2.md","One-minute Crossroads commercial variant. Peter Kastner positions Crossroads as a unique plug-and-play packaged application integration solution for complex modern businesses, coining the slogan 'process wear for enterprise applications.' Targets CIOs facing end-to-end integration demands that previously could not be addressed.","CC-BY-4.0","low","Very short ad; primarily a tagline and CIO pitch. Limited analytical content.","low","Tagline-driven marketing; minimal independent analytical content beyond Kastner's uniqueness claim.","low","The 'process wear' framing did not catch on as industry vocabulary; iPaaS and middleware took over the EAI category positioning."
"sybase-xi-launch-boats-analogy-multiple-databases-79c9ee","Sybase XI Launch: Kastner Boats-Analogy Endorsement of Multi-DB Strategy","Peter S. Kastner","1996-01-01","transcript","video-transcript/database-portfolio-strategy","oral-history, expert-quote, broadcast-archive, ai-generated-summary","transcript Sybase XI launch.md","One-minute Kastner clip from Sybase XI (System 11) launch event. Kastner uses a boats analogy (solings for Olympic racing, tenders for moving people, cruisers for sailing/travel) to praise Sybase's multi-product strategy of offering distinct databases tuned to different workloads: OLTP, data warehousing, disconnected users, and mass-distributed replicated systems. Endorses Sybase's portfolio approach as 'very intelligent.'","CC-BY-4.0","low","Short analyst-endorsement clip from Sybase XI launch. Captures Sybase's mid-1990s portfolio strategy and Kastner's view of workload-specific database specialization.","medium","The workload-specialized DB thesis (OLTP vs warehousing vs replication vs edge) was directly validated -- modern stacks split OLTP / OLAP / streaming / NoSQL / edge across separate engines.","high","Kastner's endorsement of workload-specific database specialization was strongly validated by the next 25 years of database evolution: OLTP vs analytical (data warehouse / lakehouse) separation; mobile/disconnected -> SQLite/local-first; mass-replicated -> distributed SQL (CockroachDB, Spanner) and conflict-free replicated data types. The directional bet right."
"oracle-data-warehousing-launch-multimedia-spatial-d63644","Oracle Data Warehousing launch: Comprehensive Approach Including Multimedia and Spatial Data","Peter S. Kastner","1996-01-01","transcript","video-transcript/oracle-data-warehousing","oral-history, expert-quote, broadcast-archive, ai-generated-summary","transcript oracle data warehousing launch.md","3-minute Oracle data warehousing launch segment from 1996. Oracle announces a comprehensive view of data warehousing — client-side tools, development, analysis, data population from production systems — and expands the warehouse to include multimedia, spatial, and text data. Peter Kastner (Aberdeen Group) frames warehousing as systems integration and notes that data cleansing forces clean operational systems, with Oracle's one-stop-shop story as a key advantage.","CC-BY-4.0","medium","Captures Oracle's expansion of its data-warehousing platform to multimedia, spatial, and text — a strategically significant breadth play during the warehouse era.","medium","Patterns (one-stop-shop, warehouse forces clean operational systems) remain instructive; specifics dated.","[DEFERRED]","Predictions need Phase 3 verification."
"crossroads-launch-front-back-office-integration-508c58","Crossroads Software launch event (June 1997): Industry of Collaborations for Plug-and-Play Integration","Peter S. Kastner","1997-06-01","transcript","video-transcript/crossroads-software","oral-history, expert-quote, broadcast-archive, ai-generated-summary","transcript Crossroads launch (June1997).md","4-minute Crossroads Software launch event clip with Peter Kastner (June 1997). Documents the $1-5M-per-integration cost burden, $50-100B annual US in-house programmer spend on integration, and Crossroads' 'industry of collaborations' thesis for plug-and-play front-and-back-office integration. Kastner: 'great idea after market validation'; the integration Promised Land is closer; no other company doing exactly what Crossroads is doing.","CC-BY-4.0","medium","Captures Crossroads' launch thesis and Kastner's framing of the front/back-office integration market.","medium","Integration economics framework remains relevant; specific vendor outcomes need Phase 3 verification.","[DEFERRED]","Predictions about Crossroads category and integration economics need outcome verification."
"crossroads-june-1997-launch-variant-cut-caea12","Crossroads Software (June 1997, alternate cut): Front-Back Office Integration Industry of Collaborations","Peter S. Kastner","1997-06-01","transcript","video-transcript/crossroads-software","oral-history, expert-quote, broadcast-archive, ai-generated-summary","transcript crossroads (6_1997).md","4-minute alternate cut of the June 1997 Crossroads Software launch material. Restates the integration thesis with alternate phrasings: no US company had fully integrated front-and-back-office apps; $1-5M per-integration cost; and Crossroads' 'industry of collaborations' framing. Companion to the primary June 1997 launch study; preserved as a separate study with cross-reference.","CC-BY-4.0","low","Variant cut; primary content captured in crossroads-launch-front-back-office-integration-508c58.","medium","Useful for cross-cut verification of Kastner phrasings during the same launch event.","[DEFERRED]","Predictions overlap with primary cut; need Phase 3 verification."
"tandem-himalayan-airport-commercial-tpc-c-0b1c60","Tandem Himalayan 'Airport Commercial': Open Client-Server Platform with TPC-C Benchmarks","Peter S. Kastner","1995-01-01","transcript","video-transcript/tandem-himalaya","oral-history, expert-quote, broadcast-archive, ai-generated-summary","transcript Tandem airport commercial.md","7-minute Tandem advertisement framed as a customer's dream sequence at an airport, building a case for the Himalayan K-10000 as the best open client-server platform. Customer testimonials: R.J. Montoro (UPS, K-10000 tripling mission-critical volume) and Linda Fuhrer (Diagnostic, VP MIS, K10000 Himalaya parallelism). TPC-C results at 1.3TB DB scale. Chris Christiansen (IDC) and Peter Kastner (Aberdeen) on-camera experts. Kastner: 'scalability, high availability, absolute levels of performance without paying a price premium... dollars per transaction per second basis... right up there with the leaders.'","CC-BY-4.0","medium","Documents Tandem's mid-1990s open-platform positioning, TPC-C benchmarks at 1.3TB scale, and named customer use cases.","medium","Parallel-database scalability framework still applies; specific Tandem outcomes need Phase 3 verification.","[DEFERRED]","Tandem's eventual Compaq acquisition (1997) needs outcome verification against viability claims."
"informix-competitive-update-kastner-rdbms-jungle-25604a","Informix Competitive Update — Kastner Address to Informix Sales (RDBMS Jungle)","Peter S. Kastner","1994-02-17","transcript","video-transcript/rdbms-competitive","oral-history, expert-quote, broadcast-archive, ai-generated-summary","transcript Informix competitive update 2_17_1994.md","Peter S. Kastner addresses the Informix sales force in February 1994 on the competitive RDBMS landscape — characterized as a 'jungle' with Oracle, Sybase, Ingres, and Informix on a common playing field across extensibility, scalability, development tools, performance, distributed data, and large-database capability. Kastner ranks Informix #4 in revenue but best in margin (15.3%) vs Oracle (11%), Sybase (10%), and Ingres (-4%), and predicts Informix stock to $44/share, parallel DB via DSA, late-1994 replication parity, and massively parallel systems eclipsing mainframes.","CC-BY-4.0","high","Insider-style competitive briefing to Informix sales force; captures 1994 RDBMS market structure in fine grain across the four-vendor race.","high","RDBMS competitive dynamics, margin vs growth trade-offs, and parallel-DB roadmap predictions remain canonical references for database-industry history.","high","Multiple specific predictions (Informix to $44/share, parallel DB via DSA, replication parity by late 1994, massively parallel beats mainframes) materialized in the late 1990s."
"cnbc-technology-edge-ibm-dec-hp-transitions-d4f84c","CNBC Technology Edge: IBM, DEC, and HP Transitions to Open Systems","Peter S. Kastner","1994-08-06","transcript","video-transcript/open-systems-transition","oral-history, expert-quote, broadcast-archive, ai-generated-summary","transcript CNBC 8_6_1994 Technology Edge show.md","CNBC Technology Edge (hosted by Bruce Francis, Aug 6 1994) examines IBM, DEC, and HP transitioning from proprietary systems to open systems and client-server. Peter S. Kastner (Aberdeen Group VP), Stephen Roach (Morgan Stanley), Pat Sochi (TCG), and George Tabak (Ingersoll Rand) score HP highest (visionary, ~10 years ahead on open systems), IBM as recovering, and DEC as severely troubled — VAX/VMS declining 20-40% annually, Alpha introduced too soon without applications, confused Ultrix→OSF migration messaging. Kastner predicts DEC may be acquired below book value (e.g., by an RBOC), notes mainframes will be around 'a long, long time' due to installed software, and warns the Intel/HP alliance reshapes post-2000 chip economics.","CC-BY-4.0","high","Contemporary CNBC analyst panel on the open-systems transition; Kastner one of four named experts; captures 1994 conventional wisdom on the proprietary-to-open shift.","high","Open-systems transition, vendor-lock-in critique, and customer-centric vendor evaluation remain canonical themes; mainframe-persistence prediction proved accurate.","high","Multiple predictions verified: DEC sold (to Compaq 1998) below book value; HP/Intel Itanium alliance materialized; mainframes still operating decades later; client-server became dominant."
"msnbc-aol-modem-shortage-customer-refunds-189b41","MSNBC: AOL Modem Shortage and Customer Refunds (Flat-Rate Fiasco)","Peter S. Kastner","1997-01-01","transcript","video-transcript/consumer-isp","oral-history, expert-quote, broadcast-archive, ai-generated-summary","transcript MSNBC on AOL modem shortage (2001).md","MSNBC segment (Ron Insana, CNBC) on the AOL flat-rate fiasco: 8 million subscribers, only 250,000 modems (~1:32 ratio), $19.95/month unlimited drove usage from 15 to 30 minutes/day. Kastner (Aberdeen) characterizes AOL as 'having ignored the rules of economics' and a 'catastrophic train wreck', predicting customer attrition to Microsoft, AT&T, CompuServe, and Prodigy. Note: filename dated 2001, but transcript content describes the 1996-1997 AOL flat-rate access crunch.","CC-BY-4.0","high","Real-time analyst commentary during one of the defining consumer-ISP crises of the 1990s; quantifies the modem-to-subscriber ratio and usage doubling.","high","Canonical case of capacity-planning failure under flat-rate pricing — applicable to streaming, mobile, AI-compute analogs.","medium","Predicted attrition to competitors only partially materialized — AOL recovered and dominated through the late 1990s; CompuServe/Prodigy failed."
"portal-software-infranet-real-time-billing-742af3","Portal Software / Infranet: Real-Time Internet Service Billing","Peter S. Kastner","1999-01-01","transcript","video-transcript/billing-and-revenue-management","oral-history, expert-quote, broadcast-archive, ai-generated-summary","transcript Portal Software Inside Business.md","Peter S. Kastner (Aberdeen Group) discusses Portal Software of Cupertino, founded 1985, and its Infranet platform — the first billing system architected for real-time, service-oriented Internet commerce. Kastner frames the Internet as a 'dog-eat-dog competitive world' where 30-45-day billing cycles no longer work, and describes Portal's customers (Juno, with 6M free-email accounts) needing real-time usage-based billing for in-game upsells, video-conf bandwidth, and fraud cutoff. Characterized as the 'second surgery' — companies rebuilding billing after first-generation Internet sites failed.","CC-BY-4.0","high","Early Aberdeen positioning of real-time billing as a strategic Internet category; pre-dated the BRM (Billing & Revenue Management) industry's full emergence.","high","Real-time, usage-based billing — fundamental to streaming, cloud, AI-API metering — remains a live architectural pattern.","high","Real-time billing/metering became standard infrastructure for cloud (AWS), telecom (LTE), and AI APIs; Portal itself acquired by Oracle (2006) and integrated into Oracle BRM."
"ingres-windows-4gl-1990-gui-development-tools-75ade0","Ingres Windows 4GL Launch — May 1990 GUI Development Tools","Peter S. Kastner","1990-05-01","transcript","video-transcript/gui-development-tools","oral-history, expert-quote, broadcast-archive, ai-generated-summary","transcript Ingres Windows 4GL (May_1990) announcement.md","Peter S. Kastner (VP, Aberdeen Group) addresses the Ingres Windows 4GL launch in May 1990. End users are demanding the 'intuitive learning and ease of use of intelligent workstations'; programming GUIs is 'exceedingly complex, beyond the knowledge base of most programmers'; productivity tools for GUI development have 'not been provided by any software supplier to date'. Ingres Windows 4GL expands the population of who can develop applications and brings technical workstations into commercial use — addressing the Mac-style GUI gap on Vax and other commercial platforms.","CC-BY-4.0","high","Foundational analyst framing of GUI development as a productivity bottleneck — pre-dated PowerBuilder, Visual Basic, and the broader 4GL/IDE wave by 1-2 years.","high","GUI/UX productivity tooling and the gap between specialist developers and end users remains a live theme (low-code, AI-assisted dev).","high","Predictions of GUI-tool adoption, commercial-workstation expansion, and the developer population growing through productivity tools all proved correct."
"software-2000-it-paradigm-shift-client-server-9e9445","Software 2000: IT Paradigm Shift to Client-Server","Peter S. Kastner","1994-01-01","transcript","video-transcript/client-server-transition","oral-history, expert-quote, broadcast-archive, ai-generated-summary","transcript Software 2000.md","Peter S. Kastner (Aberdeen Group) addresses Software 2000 / its audience on the IT paradigm shift to client-server — using a boxing-exhaustion metaphor for multi-year IT projects. Mainframes 'aren't going away' but will shift to managing large-scale data networks. Companies must start over with some applications. MIS organizations face a forking choice: technological overlord (security, network, training, corporate comms infrastructure) versus business-close roles that deliver competitive advantage. 'If users don't figure out where they want to be in 3 years, they're in deep trouble.'","CC-BY-4.0","high","Captures the mid-1990s MIS-organization existential question — overlord vs business partner — that defined CIO-track careers for the next decade.","high","MIS role evolution, paradigm shifts forcing app rewrites, and 3-year planning horizon framing remain canonical themes for transformation work.","high","Mainframe-persistence and MIS-role-bifurcation predictions both verified through the late 1990s and 2000s."
